CvM,AD,PQ-PQ
0.01663314358267665,0.14157074258130906,0.09138410745442722
0.016798052463477344,0.16148180106999457,0.09441974722179967
0.020786081450659157,0.1623421028051596,0.11897904000263959
0.021540615285445742,0.16348214550823395,0.13234130789197518
0.02375108235407406,0.1862348520695436,0.1334627603255104
0.024219157091345266,0.191175094838694,0.13520810500362376
0.025492217088533872,0.19998559473218525,0.13737450100037657
0.02616376622852648,0.20032362851416002,0.13802098941890562
0.027845871241117936,0.20421046748377417,0.13814363137610294
0.028071476379023987,0.2117110036961095,0.13931344576961288
0.02831797444322229,0.2120988262530833,0.13988339379270887
0.02848584106417785,0.22017700096090484,0.14210705478248564
0.028496464849228725,0.22897689376158756,0.1424454777696443
0.029030003945716882,0.2326260009147223,0.14264956259049594
0.02903286317781496,0.23273697218771397,0.1453949500257774
0.029291931400480996,0.23386809516505455,0.14668176009417255
0.029312378399650497,0.23532046506438048,0.14947372474083273
0.02936764818363671,0.23588564001505996,0.15156934563601132
0.029698775877168983,0.2384450424233222,0.15188005249527994
0.029856584626793074,0.23864216868924035,0.15210075296084424
0.029918307288772025,0.24559059905569283,0.1531632237285319
0.029920385228789544,0.2487531245881941,0.1535010125907647
0.03008329611642857,0.24895136943082705,0.15704530897260952
0.03058682341992256,0.2524008123511491,0.15716922276957554
0.030673750082973242,0.2524371678855988,0.15851080644226123
0.031069805166723988,0.25244978238335697,0.16128286840313275
0.031109120551580743,0.253851886790547,0.16254796432521096
0.03114900168464733,0.2540124999881271,0.16393543433820779
0.03148132498018491,0.2550439435414303,0.166124640426552
0.03163828917205076,0.25527259682557607,0.16662558193962107
0.031822563220506944,0.2560163349909818,0.16821389483709503
0.03187489993197001,0.2608951304434666,0.172419717242652
0.032528388179075586,0.2613492272200366,0.17616072231853136
0.03269500160591427,0.2614850988703882,0.17827346901306484
0.03294951046813631,0.2618248411292181,0.1782838054780713
0.033447538850060916,0.2649058290618983,0.1808464383022086
0.03366235160461576,0.2694292037819519,0.18165239673287506
0.033846656568436696,0.27023560213112613,0.1828421045289053
0.03438410446200795,0.27291753912044975,0.1843684488780683
0.034986385363208486,0.2730578432653136,0.18469895829113306
0.0351487460518737,0.27449537498485255,0.18734895374475724
0.03547282107684247,0.27454928284277524,0.18797587246199793
0.035487502187653945,0.2832552542412194,0.18886009168443724
0.03570483161795845,0.2846348952308048,0.18977418915481134
0.035849479680119783,0.2850260306119938,0.1904780116226602
0.03590839442483788,0.2867414362908657,0.19088579139583514
0.03603175981908019,0.28781212892257513,0.1933303209122554
0.03614444813253704,0.2906770789467882,0.19458800131499443
0.036194157757521626,0.2921961773105919,0.1957762259101652
0.036195989348410264,0.2924711052000186,0.19845056270626343
0.036437588462545446,0.29616697462830555,0.19906478804062916
0.036724387102617495,0.29674452433931797,0.1993160594394234
0.03678332714515116,0.29737000529347746,0.19984111225473106
0.036882777826111775,0.2978534688538906,0.2012999249924156
0.036941644708294884,0.29901707019689233,0.20260891859861271
0.03714573475616522,0.2999976770829444,0.2032406892706713
0.03725822159522048,0.30172693132275175,0.20360094958868843
0.03735037795985382,0.3025833696423896,0.20431186152549652
0.03768199409031395,0.3035646645453724,0.2063229804259553
0.037885838505835094,0.30392782341174585,0.2081250565689859
0.037939534778798856,0.30708835842638477,0.208679700928338
0.03797784945646394,0.30945793944643196,0.21099904011513682
0.037998919750187314,0.31007810533251917,0.2112772893668481
0.03817556270745664,0.310915120603416,0.21156053693211402
0.038518053894104815,0.31389605089191086,0.21392405354003088
0.038829811020437345,0.3154909186204573,0.2161085472576822
0.03900812024856094,0.3155256985448958,0.2170081044792152
0.039196539433610636,0.3170162013447483,0.22102585383370077
0.03929367968889235,0.3170309742309757,0.22320616182947833
0.03940973561350176,0.3187122220428451,0.22345335362008736
0.03995144709951033,0.3187959360340918,0.22364826494428375
0.04032624514239468,0.3195972173212618,0.22440144775086163
0.04067140955289274,0.32125612695512934,0.22498464936838058
0.04070229296866783,0.32255896249514643,0.22619615703014173
0.04083835842751241,0.3239285942051367,0.22810877378706534
0.04120623985409608,0.3240490419603262,0.22874011403450045
0.04192136857481469,0.32409077325644436,0.22894128827914598
0.04210480317696673,0.325728566526473,0.22900248544268503
0.04308360283375177,0.32574647267417894,0.23333269847809004
0.04339404893133262,0.3272454547196398,0.23339527727564174
0.043406763342401615,0.3301430016339168,0.23439278170660086
0.04348650319829107,0.33151280186203713,0.23596823135281947
0.04349559617205986,0.3325535915714032,0.23669284341984856
0.0438882505519685,0.3332080415759797,0.23841447240271305
0.04406712035948394,0.3335115541833405,0.23904889134334856
0.04408291802749622,0.3339603606861226,0.24066393142569567
0.044157394952830616,0.33413748172779456,0.24118856086991503
0.044357607050869566,0.334552346391711,0.2471919897495116
0.04480517293893479,0.3359468519009867,0.24776076107673892
0.045190137691219746,0.3370765113805023,0.2488313402718911
0.04530307783259912,0.34165489097671864,0.2505926256663092
0.04531026589279755,0.3430499308873943,0.2512250085020336
0.045673617681438634,0.3434013926123148,0.25208239763558643
0.04582925280975551,0.34595257492107256,0.25269861575262936
0.045931697865895155,0.3461134717710297,0.25296791703640564
0.046659788966482846,0.3471521951819063,0.2537108419917034
0.046848694792550744,0.34828105218140704,0.2538413532733933
0.046917794973923524,0.35039676785359636,0.25385231030998046
0.0471872514644333,0.35201610564696084,0.2539765801448888
0.04724097944279522,0.35915661234682766,0.2559177411575832
0.047250287511123604,0.3592202916805847,0.25734007931399067
0.047387509218880894,0.359823679658137,0.25773605181494946
0.0480553939659688,0.3600051867014998,0.25809344537663337
0.04816060144549473,0.36198941296039305,0.26099059677835745
0.048319255055339155,0.36215874684206484,0.2614533164984234
0.04838259781291791,0.36304367075633365,0.26185718142430314
0.04849092990448637,0.36358393866921807,0.26233665778230725
0.04849443011789052,0.36401711842707124,0.2634690755689879
0.04855791477027333,0.3653313672972842,0.2638700346609848
0.048576542078958715,0.3679561917281793,0.2640975184958143
0.04904833761811394,0.368585883970148,0.2641770620632258
0.04906971363399937,0.3704869294646581,0.2645465566434009
0.049767158699080466,0.371293044242062,0.2671236418785254
0.04990534607987529,0.3719982689675301,0.26884336438280554
0.050685132762910964,0.37290481371021406,0.2691775248123637
0.05083065403561476,0.3730126581782013,0.26947892778765004
0.051217351107102974,0.3731422812001982,0.2716003358651756
0.05135189244652945,0.3734044619529705,0.2739556799746657
0.05149877684864891,0.3748004819792235,0.2739573072065389
0.051528300809078234,0.37566746185400346,0.2742635106838096
0.05172056717469662,0.38015509388030566,0.27461935386988595
0.05179029732266444,0.38180609300069834,0.27592696752781637
0.05189757170492754,0.38239332882456656,0.27600049097363855
0.05195155356906888,0.38300924458348307,0.27631994631283713
0.052147058712357294,0.38328872633120137,0.27690992364658246
0.0522308360076231,0.38356292181400836,0.27697367883343615
0.05239458497244658,0.38372229145340125,0.2771470299779753
0.052598662417233245,0.38406132243095154,0.2779521118106481
0.052642245175385335,0.384215746753311,0.2814430726805034
0.05283289605733983,0.3849085521960688,0.28201290996788275
0.05288003445385693,0.3856433178966579,0.28284986723959943
0.05289826900094219,0.38639952741121775,0.2834971741436937
0.05309347756625929,0.38696036176853293,0.2838619600045763
0.053134443603625854,0.3876620747638745,0.28417861538328676
0.053161914299093296,0.38803966708674004,0.2841809068920539
0.05322637020425803,0.3883431230522123,0.28441352010896503
0.05333878838494666,0.3891279102663792,0.2849726513425134
0.05336954223316499,0.39004114798605594,0.2849952936179167
0.05382228502021136,0.39045139876462825,0.2886157714125502
0.05398544335663238,0.3914298914441044,0.28929714976091697
0.0541249436382049,0.3959880374323653,0.2928467548386823
0.054229848638057285,0.39622494181026274,0.2932105923439093
0.05465749906300711,0.39666193663604554,0.29480811455288747
0.05476350987313231,0.3985401837558275,0.2957893745577424
0.05507777450576946,0.39874107886404464,0.2968997372293651
0.05515002079442309,0.39963225291407406,0.29774065318956294
0.0551977020628108,0.39973191532234803,0.2983075915302785
0.05526338027931145,0.40053764974910144,0.29851656343107086
0.05578408822088385,0.40109851461597956,0.29869791246392996
0.056041100493667916,0.4024017170105696,0.29971754704718967
0.056118879510986305,0.40499040545563086,0.30241637600873084
0.05630843245430823,0.4054189158492927,0.30262075854297693
0.05632259916315109,0.40562653949401944,0.30283128541730425
0.05644242977125908,0.4061893770486748,0.30406750368005786
0.056529304189353556,0.4065448619794822,0.3045151569920633
0.05658982192273619,0.40709194419840705,0.30454212020012456
0.0569218523753875,0.4071183567846911,0.30493434702114514
0.05695464562417917,0.4087526742704096,0.3049858644858576
0.05698159108943878,0.4091297874705517,0.30503068956713436
0.05698621979174743,0.411766333021297,0.30582262516723185
0.056991428818745374,0.41204804909790516,0.30604283860948495
0.056992311084069665,0.412679486817058,0.3062394959191321
0.05702864063932677,0.412904899375191,0.30708219989063884
0.05706004813093563,0.4129551456776091,0.3075290179484325
0.05707050824330843,0.41345240831954627,0.3075807975027852
0.057266949925282765,0.4141110932040931,0.3079021495832495
0.05756828116320408,0.41482622342511205,0.308429697638597
0.05761622056526794,0.41511453338161447,0.30892582415869324
0.057774392219418276,0.41528148342125754,0.3111785649458196
0.05820529679865798,0.4158731558204255,0.3126491284653435
0.058449183437024106,0.41656633537248744,0.3126989546394475
0.05869761140649893,0.41731354936754145,0.3127946817221045
0.058748529678748225,0.4188458561487121,0.313623274331516
0.058817597924187705,0.4213450608907428,0.31486058765991815
0.058846247010076375,0.42215311180084336,0.315841216363451
0.05887214791861319,0.4240002268342822,0.3163049787886251
0.058932004467552875,0.42448054059984486,0.31651326713698497
0.05923418909722152,0.4245987588257962,0.31710254851324254
0.059247158660139264,0.4247342132437108,0.31865435504429374
0.05935436717085561,0.4249303344521416,0.31865816810526576
0.059439900407694805,0.42535196160310873,0.3194876309216949
0.059466919527417283,0.42796698276859363,0.3203240920138156
0.059537959056041444,0.4282219454591169,0.32068978145272103
0.05972537980179409,0.4282999238158548,0.32135302748206
0.059831706842219716,0.43112223265528077,0.32220355155003194
0.060203275495186545,0.43159969368826084,0.3249188701003578
0.06026840560684345,0.4320255309165794,0.32599623143924394
0.06033049306103738,0.43488220957910884,0.3261973813516173
0.0603322844854899,0.43536261635853546,0.32648891154689125
0.06036958405671387,0.43563566365664835,0.32652591081602256
0.06064333192962118,0.43768352478412414,0.327622938735112
0.06090029746308517,0.43880857912049526,0.3290100157376572
0.06098182594503899,0.43894714429537995,0.3291886751153983
0.0613679146003348,0.43911996809482584,0.3293811585173995
0.061728297926644186,0.43919302136990057,0.33007583332049883
0.061915337058024295,0.4393924216554141,0.3317671488315258
0.06192888333952854,0.43942371548136355,0.3326421918725884
0.062218039922584074,0.4419017051791842,0.33276977568652244
0.06223036626483429,0.44205394770161777,0.33348500151441834
0.06263814867902708,0.4421418295449518,0.33555980940982555
0.0626632373543767,0.4439811051365403,0.33742107905397833
0.06287433221409128,0.44424426868689054,0.33858701338203734
0.06287558359574841,0.4443985234527071,0.34014599943225066
0.06296919823490844,0.4449311932379764,0.34098795727433423
0.06302130292061492,0.4456697628249117,0.34432183468472705
0.06328215267166225,0.44645514996818153,0.34469531311557766
0.06341739425067244,0.4491801615029698,0.34522917913775486
0.06399631634804666,0.4549631725770396,0.34549611977454914
0.0642234912509874,0.4553095942144423,0.34632597909442314
0.06432032275955574,0.4554552916965539,0.3471108296458402
0.06452043326887055,0.45546837914193566,0.3479637204283848
0.0646544577493287,0.45675209331417116,0.34893136230770083
0.0647860095583446,0.4597958474327962,0.34897064219631985
0.06499633579528465,0.45984686041788214,0.34920588596370056
0.0650668626940107,0.46065292827704396,0.3495383732027876
0.06553404317217738,0.46093960567588665,0.35000471183749016
0.06565305713572857,0.46383864399452573,0.3500099182684569
0.06584208656526806,0.4651274787536817,0.35029362067473135
0.06586292986031135,0.4653172960030634,0.35188383456339317
0.06595903276055813,0.46783059754541834,0.3520574106843607
0.06599924335682839,0.46792884621596126,0.35456855511960494
0.06600022331065478,0.4690218680262577,0.35491365905943084
0.06641110311096905,0.4725074483086726,0.3566604055400948
0.06660633356985463,0.473412961335521,0.35940424006432925
0.06675144692205781,0.47370811543649616,0.36105670778924825
0.06732871490695304,0.4746271309209585,0.36113197236641836
0.06783348037260249,0.47484517084025546,0.36193156763115103
0.06807998133338217,0.4761427438776331,0.3622931711651164
0.06840746547666186,0.4775824805909285,0.3645866884883006
0.06869963991769634,0.4793177152906637,0.36536419491642796
0.06879155188130633,0.4807319985455277,0.3686489088696234
0.06880797911926266,0.4817751690177424,0.36878605294009276
0.06884044803384881,0.48179195283093423,0.37001119886204115
0.06891764562152021,0.48206027497102466,0.3704391085604209
0.06924366937325069,0.48223229617449015,0.3715956356291384
0.06924575759381035,0.4836308560321799,0.3720829871397711
0.06993560044114137,0.4839611761800171,0.37386125575051343
0.07013867652662753,0.49012096031599206,0.3744931450221729
0.07049607031383617,0.4906688358135988,0.3745407143397256
0.07052510520696699,0.49117828374826095,0.37605389711229553
0.07104118427325713,0.49165291117232773,0.37729160088172387
0.07158784233493204,0.4928626793168783,0.3787002904322791
0.07170149776522776,0.4929935742855209,0.37883607682879145
0.07175895584183377,0.4957667488609134,0.37921668349633186
0.07177213153009147,0.49627651179320387,0.3793361294723518
0.07189664318994807,0.4963917969721595,0.37956521054052444
0.07197928684652498,0.4970261318441921,0.3807642578646693
0.07211151881360603,0.49777620462325417,0.38121718961963863
0.07254570791854503,0.497906978154833,0.38145655490935393
0.07261765447117012,0.49807546837206956,0.38196510788964344
0.07300492139931761,0.49944782180999614,0.3830882706230922
0.07301321160969892,0.4995703396156804,0.38342990104493885
0.07312458858433178,0.499995110284446,0.38395403945267675
0.07319325164219824,0.5000408710312624,0.38427411900737346
0.07339671766052873,0.5000965089888444,0.3843845018695452
0.07369194415371835,0.5027898971453563,0.3845639084567763
0.07376781337522928,0.5041974263621237,0.38506501739726706
0.07380837526438543,0.5043041590972722,0.3861528736402619
0.07409971410387974,0.5045976800598994,0.3870527806176685
0.07411709836884031,0.5056444497324671,0.3886773180851865
0.07432506854627792,0.5057386134130963,0.38933015960333317
0.07440387356341066,0.5090578144330127,0.3911856105256566
0.0747526471892979,0.511890221253107,0.391837819781719
0.07480715906482104,0.5119485276392042,0.3921422493150752
0.0749664135829318,0.5121191243763015,0.3941317974811212
0.07540017190278385,0.5123517486168704,0.3971460414556271
0.07548841513935281,0.5143884584305103,0.39767945214467904
0.07568432838728792,0.5144725854198223,0.39841526851462855
0.0758220942408391,0.5147826649178244,0.39887973731284637
0.07603093633932174,0.5175620506468684,0.40146010004087684
0.07638123784732095,0.5198880540056063,0.4018373174245367
0.07647056619018254,0.5207372564879086,0.4024785526269228
0.07675491535024624,0.5209967424076731,0.40351593441441397
0.07689154890364625,0.5224075566457073,0.4038191419652559
0.07714489950735494,0.5225846499532966,0.40428754312933796
0.07721493962873933,0.5234683787404536,0.406050364707562
0.0772713951637028,0.5261890794594711,0.4065736113944469
0.0777372031261437,0.5264764984301171,0.4069923088783376
0.07823931880147222,0.5274330550844787,0.4076252275458505
0.07840338349171734,0.5277544620713719,0.4107162661399133
0.07869819485602425,0.5282642000138708,0.41076761508272536
0.07869946656238806,0.5295672440056727,0.41409223211094737
0.07881722216584455,0.532344022267675,0.4149126492549231
0.07886395208659625,0.5338169656544891,0.415858991656264
0.07933493484552923,0.5340070896757882,0.41678984387175716
0.07942684438664767,0.5340839892947606,0.41767401322346853
0.07945541423814136,0.5345949544584203,0.41822606649881877
0.07949702147713199,0.5349743250432032,0.41897849322146
0.07957172708824271,0.5356604072022185,0.4192309095087955
0.07969789953092024,0.5375271386128357,0.41977830340227135
0.07982306039621676,0.5382792577358,0.42176358242114614
0.08006166033363465,0.5389050019163197,0.4239431582254407
0.08011420732931068,0.5398854223637789,0.42507052618133057
0.0802433044510893,0.540244502642042,0.42556487455613173
0.08045090002166966,0.5402611932865609,0.42602909962882174
0.08048115598903477,0.5420381263757025,0.42720507556154064
0.08072014121440879,0.5425042031389785,0.4294484315631036
0.0809053837142718,0.5429271371010627,0.4295338988294577
0.08098731185273274,0.5435673379082265,0.43156831988731414
0.08101041576778853,0.5440182714498969,0.43268911358226547
0.08105972156870489,0.5446017578582248,0.4337992795989761
0.0810981857401946,0.5459340429665168,0.4342470557271744
0.08118807799954783,0.5461855446086752,0.4363232969541767
0.08138184662222431,0.5472756861666943,0.4365480212073804
0.08144464772964964,0.5480696551072838,0.43833458306422957
0.08150208655284562,0.5480808447316574,0.4392933870618226
0.08174018857272643,0.5486827985807736,0.44000432435835135
0.08185546260684687,0.5500822093564056,0.441861287478732
0.08188975434067262,0.5520208728552161,0.4421550860562078
0.08193324527411411,0.5529567753416025,0.44224432314291817
0.08228251518915407,0.5538018783110097,0.44671652918642507
0.08232265441887367,0.5540789794578895,0.4483559734459417
0.08256692061246275,0.5563113459415835,0.45019657051167367
0.08256739665760694,0.5566988616235586,0.451496887953
0.08262289338540814,0.5594839900068741,0.4516062327261434
0.08269947056501509,0.5610283772944038,0.45197530182857704
0.08288791310075322,0.5630436631789637,0.45323952208521556
0.08294285202429715,0.5676307134674439,0.4544473775733542
0.0832160057291767,0.5683417565357332,0.45475963049269474
0.08364281669970763,0.5709629549645029,0.45514777046710425
0.08382885644277,0.5711468381447712,0.45532108940014276
0.08388747602384332,0.5729653423702864,0.4568548603205448
0.08398663848839037,0.5734083725829238,0.45879201712599843
0.08431059578729588,0.5734785551170265,0.4620574835177173
0.08450676623342986,0.5751192828604647,0.46431006939447117
0.0848222569237994,0.575478132828024,0.46478725180964287
0.0848989931946013,0.5773806508529342,0.4658089352966117
0.08515963120076442,0.5798818621733891,0.4671179821134995
0.08526164122574952,0.5811699034582739,0.4679657414516386
0.08535565635263669,0.5813243164977447,0.46809298044646025
0.0860313367594403,0.5836240579233928,0.46819605366166067
0.08605494906553143,0.5848385724247314,0.46927830447256696
0.08625767221876655,0.5858481498780576,0.4695525026823334
0.08655285977216898,0.5864104291360797,0.4705996591929533
0.08655914342812139,0.5868611230355433,0.47192880461725084
0.08658223784461594,0.5885937423516047,0.4731601925335721
0.0866040386213173,0.5894125858722481,0.47379713415824287
0.08668070354953072,0.590342431397957,0.4746822056958294
0.08735684018153178,0.5914959021860878,0.47492380852676
0.08750744273830037,0.5925413482779371,0.47514946774357086
0.0877701875773442,0.5930268617191947,0.4755609278432732
0.08781120946738274,0.593419159118683,0.4757318752717038
0.0878503843084598,0.5960616808251488,0.4788612910906135
0.08794073662347981,0.5963189029568638,0.4796026089073491
0.08812870207427503,0.5974631541524226,0.48001832689660934
0.08836693283176156,0.5992991173805822,0.48042898318718325
0.0884177058916312,0.6004762013355286,0.4808508929698113
0.08861449472403274,0.6006128361409651,0.48145669686753634
0.0891045618778894,0.6027538543875457,0.4833138452994786
0.08924388002310625,0.6033632971888522,0.48382749180910806
0.08924554293340985,0.6037165951313416,0.484960231843647
0.08951919176118173,0.6060760574437608,0.48498830450739455
0.08966699822982702,0.6067824672010566,0.48583676842234796
0.09061215438906811,0.6079896554817846,0.4868988572550886
0.09076645610958002,0.6080541742790844,0.4873716239366686
0.09086163945537468,0.6084922746336163,0.4883614848993817
0.0911476578698957,0.6093603701454501,0.4918427046337989
0.09127852827770118,0.6094567633571246,0.49237927865581516
0.09129727045076436,0.6110898476567584,0.4952294211796258
0.09136902244946905,0.6114924185017064,0.4960352529395271
0.0914574739811031,0.6119455777790942,0.4960950212975426
0.09182695085371041,0.612194176743669,0.4961205718947315
0.09202335556412283,0.6127389299897577,0.49696850609100535
0.09224607338847006,0.6129462821257095,0.4984938988267752
0.09229851550439441,0.613132155427719,0.4994573051970547
0.0926551119343378,0.6138501074511921,0.501096653034814
0.09331505411158561,0.6141995817931618,0.5014627760799913
0.09364297063486829,0.6146639171896865,0.5017621747780905
0.09390704452476113,0.6156186232545601,0.5041550921142227
0.09400204314539719,0.6170853910864623,0.5043671523539895
0.09424713892674572,0.617447424705545,0.5047820260738688
0.09427667582398505,0.6176433715589418,0.5054394936946894
0.09447890893779624,0.6188208144541942,0.505860939149516
0.09461305776129503,0.6206146507302742,0.505967553795707
0.09469111530163271,0.6215990807388723,0.5066854433291647
0.09472173930584304,0.6235570791735028,0.5073633740789903
0.09482291552654322,0.6239292822160245,0.5074488272702523
0.0948542900936796,0.6249313558645884,0.5077609129447538
0.09492715861086758,0.6256774022840349,0.5087514600242764
0.09511087662785563,0.6265191718983404,0.5096354635839333
0.0951693918052219,0.6287623736916782,0.5099960357888013
0.0953744794008509,0.6293151497790975,0.5117782223486671
0.09563284418543844,0.6317283892179085,0.5124938890944358
0.09564939531977984,0.6318530715224457,0.5125512005622486
0.09612201749277496,0.6334356837547183,0.5152443696792322
0.09622657885243109,0.6362900521393032,0.5163371321809962
0.09627100496855809,0.6367358324029369,0.517508660640121
0.09647089138343032,0.6368807034906647,0.5204156530090438
0.09694854882415628,0.6369541938460082,0.5211815999984977
0.0970867362908525,0.6387564409198071,0.5216814864917225
0.09712046690106475,0.6395084824884771,0.5220125538086476
0.09722920429209962,0.6408865833203015,0.5228927141504965
0.09740622700520504,0.6409855171679528,0.523987138902954
0.09755190174472896,0.6420047604915816,0.5248486360622888
0.09770640891969871,0.6452600211048108,0.5261246392726935
0.09789082478725346,0.6454197990043554,0.5286583943767257
0.09845362605862876,0.6465162611986044,0.5293317048508996
0.09859608474988582,0.6482436609887421,0.5296856246943366
0.09878910737380017,0.6483458454345479,0.5301634702956365
0.09880257675222373,0.650016961590552,0.5320696977767387
0.09884811293068912,0.6512169711856916,0.53219832405677
0.09889373622617167,0.6521320549726002,0.5329418736426014
0.09899697083277197,0.6528685212466,0.5331171013183221
0.09901937959026415,0.6530049130822063,0.5349345389215163
0.09909853685457194,0.6545264360644074,0.5357121972367057
0.09925875060507273,0.6549294447039675,0.5376853995582669
0.10029864768179977,0.6550791452313716,0.5379633173042996
0.10034930558573442,0.6552718421296458,0.5384553127784907
0.10059611655191264,0.6556281146617137,0.5406210723980482
0.10061636419737928,0.6580866714059227,0.5421845683756
0.10062019061812731,0.6584355470997257,0.5442674121861995
0.10065001789749563,0.6587863199776471,0.5464564960978276
0.10065688010247159,0.6622265591783469,0.5473553612697533
0.10067285738584632,0.6645544814707703,0.5480760194208847
0.10090131960362306,0.6657940342805804,0.5494241377864904
0.10094206328638812,0.6658438779132361,0.5503499665743604
0.10106579765977923,0.6674798782280673,0.5503965189033101
0.10133452778200595,0.6675165647166834,0.5511934414609804
0.10160031750247453,0.6676020215731464,0.5525477471230207
0.10178230188175735,0.6688509686458272,0.552943318839551
0.10219059374982802,0.6689358843193628,0.5559591355853832
0.10229807511746443,0.669030649655073,0.556768325854568
0.10262087380125552,0.6697750036252159,0.5573692575031444
0.10298273283183727,0.6699679385133321,0.5575350288699874
0.10324530429067566,0.6713483390023882,0.5576951538218153
0.10342159266705923,0.6721385242362828,0.5586573895947149
0.10366840349949893,0.6738037410908342,0.5594459199183259
0.10406252998356247,0.6745963632146155,0.5638311069708384
0.10431105842951223,0.6754543719914559,0.5657227598872082
0.10445278035620845,0.6789029796935778,0.5661654556344556
0.10453886213950267,0.6807657599296867,0.5667634957646768
0.10459421651380894,0.6829256894652197,0.5692432761735772
0.10482657967096869,0.6831113133994957,0.5705674663339921
0.10485625251053847,0.6836362234288318,0.5708661844379239
0.1048677167746074,0.6839854121462589,0.5709013214359787
0.10504548132129739,0.6869095048345386,0.570987734722362
0.10522511911976805,0.6872330364486328,0.5730282522119224
0.10530459497293894,0.6877746109321734,0.5731364406625266
0.10589793781314807,0.6890068427908099,0.5741389508532446
0.10610415358994518,0.6892298836936954,0.5762699258424423
0.10622976659825564,0.6915785278834526,0.5776330729780421
0.10642811203378465,0.6930053267395819,0.5779493015846184
0.10646022005781161,0.6949971804956219,0.5787029853326836
0.10734089067244629,0.69518204474584,0.5802132451451989
0.10745663060044663,0.6966912525370552,0.5802700197399836
0.10748340207201688,0.6968419871460875,0.5803359208367241
0.10750858251462458,0.6978370461449341,0.5803621683196916
0.10769029100231131,0.7013563644907111,0.5816362697437005
0.10830754138875706,0.7016986727210901,0.583750765100649
0.10846136737164237,0.7017337882423857,0.5847705119536866
0.10869978883146249,0.704716169624925,0.5866111696201299
0.1089336671012844,0.7048617439967143,0.5868225403580436
0.11010370857253078,0.7071998766945243,0.5883654333292183
0.11046018534712129,0.7078900422619067,0.5924967064922975
0.11054279322379383,0.7089257651755556,0.5939491195711494
0.11055186053878899,0.7112152990278207,0.5947354238729893
0.11060563906507347,0.7118435747645062,0.5950386203211228
0.11081905197746915,0.7124592112392559,0.5954903003333356
0.11091884106061178,0.7157809801065966,0.5959006457555118
0.11097852398148632,0.7183277765171864,0.5964450919560264
0.11110244928782852,0.7189603023507328,0.5974738638166996
0.11152968996582355,0.720827854145736,0.5980860575205477
0.11182258885080601,0.7235903335935052,0.5998058474327165
0.1118346571911624,0.7266995029127679,0.6004437271075368
0.11215946465191887,0.7272256306664022,0.6011746665675434
0.11321332950993347,0.729269039479241,0.6014120978457882
0.11387485693570751,0.7297576139414123,0.6021902839148551
0.11411631458390224,0.7325914043697526,0.6023205739466467
0.11421170368836264,0.7350038555291294,0.6028515016488766
0.11459756623668922,0.7358487877107942,0.6050903772389057
0.1148201045521299,0.7360034474256179,0.6065422693205959
0.11516563785606403,0.73650688856661,0.6076156655692764
0.11541059450570726,0.7366407506113342,0.6094340576440177
0.1155440610299548,0.7367311658858496,0.6117060306667169
0.11583111123721437,0.7372720477849469,0.612306217147696
0.11590868659183483,0.7391421435276071,0.6127517348093232
0.11641044139646142,0.7413727552903998,0.6161738866778737
0.116461690922554,0.7427007012320953,0.6168835072158612
0.1165544808673808,0.7428552779685443,0.6185127414809624
0.1166901461852743,0.7429676663578832,0.6191684748052063
0.11672186808475733,0.7464270462973924,0.6202516267733564
0.11692560360506975,0.7464856141470423,0.6218233995093693
0.11708288915411594,0.7468524416768596,0.6225395004135073
0.11717726098065863,0.7468538032796439,0.622563933101474
0.11736164579510334,0.7473551443718899,0.6260361749170876
0.11739225948922935,0.7476413873586956,0.6263697125705872
0.11766446605926648,0.748601236591175,0.6267000944294497
0.11797963604999044,0.7521819423817176,0.6271889580791002
0.11817127317597059,0.7529276877242272,0.6327423189001262
0.11850067399525718,0.7548433125809805,0.6329849800787584
0.11852466147744257,0.7555819503927336,0.6334800215177524
0.11861698081271117,0.7558891951321028,0.6336326634934407
0.11863562151165083,0.7570938039301472,0.6344362086572813
0.11880943751499629,0.7584368698825408,0.6361253106382353
0.11886953251076614,0.7586974911213247,0.6369263776973052
0.11895058236841963,0.7601249160220849,0.6374318523314583
0.11897818764490767,0.7611611366082472,0.6390905608696736
0.11908127533554659,0.768351789150704,0.6396862968158182
0.11955888366780956,0.7686608384876559,0.6420174347486072
0.1197650078473577,0.7714907250251943,0.643888419970773
0.11986494282860022,0.772409544781651,0.6444007405926503
0.12055462301347189,0.7724894886871744,0.6464180355942117
0.12067629985509726,0.7753659280533036,0.6489924600374557
0.12067676085092517,0.780470358993497,0.6524774945064513
0.12092942632603855,0.7815587509957426,0.6592577932883147
0.12112874571278125,0.7842100332122565,0.6602715124290839
0.1211665321110031,0.7850901461060306,0.6607032447562335
0.12122194604065525,0.7856138050679341,0.6625058963001786
0.12124746415076222,0.7883100867521082,0.664086783243115
0.1215317211135054,0.7899898932999617,0.6641583442310095
0.12239731846736825,0.7914187001550299,0.6644592756369944
0.1230152434738561,0.7924001377773228,0.6669162802049675
0.12379870040638301,0.7929375364851308,0.6695988499302654
0.124261115777644,0.7931700527494995,0.6724541625717295
0.12482751828672206,0.7971486187862168,0.6725387018777944
0.12497767578612085,0.7979338220139832,0.6766434666430268
0.12499853732494251,0.8042485050021533,0.6771442306509609
0.12503341918738958,0.8087389506060231,0.6771747678953537
0.12531200892867286,0.8112879269153477,0.6795706345191778
0.12534806442711785,0.8143732738116212,0.6800274788353382
0.12536888345191416,0.8152169578138,0.6808527014614181
0.12574099513907339,0.8174818543119529,0.6822469398651666
0.12587772276984371,0.8210873789342994,0.683838278633357
0.12612994268662317,0.8240417779115652,0.6843971730624624
0.12631010563765446,0.8244630492906654,0.6866291645970177
0.12673447172334765,0.8255476096443428,0.6872900778049073
0.12736369266132483,0.8271905811135454,0.68754647862337
0.12745437742741025,0.8289851438979,0.6884398482611951
0.1280589583657166,0.8303231033702351,0.6897412361609777
0.12820029357960616,0.8304992913198638,0.690798955614505
0.12846360652269737,0.8337112319103952,0.6911154774034423
0.12910714378937627,0.8358696242602421,0.6913453095713726
0.12913697956081613,0.8377733982149944,0.6942656426851581
0.12946290911797123,0.8395755955567593,0.6975869477896743
0.1299383955577395,0.8411398854487032,0.6988087866403262
0.13016387951113054,0.8419952591709517,0.69898275578751
0.13077019856706526,0.8435638005131443,0.7004042031724721
0.13094935205025837,0.8449027351052989,0.70042131193135
0.1310864314358903,0.8449932503639435,0.7024447027712301
0.1312905465975349,0.8480317797183875,0.7053531919557563
0.13152789774179338,0.848761713195304,0.7057708108692301
0.13158252791346073,0.852145152962081,0.7074976247111217
0.13170971993310052,0.852375359261242,0.707653924918974
0.1325246194713397,0.852767656475635,0.7090277789863282
0.13252530163599419,0.8561734003083701,0.7103896681738514
0.1330076091456595,0.8622272650293694,0.711027580424139
0.1331514068533446,0.8625633882493632,0.7137763208427954
0.1332283226136971,0.8626969053239242,0.7155897395040245
0.13368378997713698,0.8666054094258372,0.7157911462738823
0.13384105592204143,0.8678147358906328,0.7186262465735854
0.13389669568845772,0.8732230258120083,0.7191095892800365
0.13416851465267507,0.87440018625564,0.7202587710664925
0.13440929938159615,0.879138231971907,0.7212842514743146
0.13544444884895288,0.881016016499776,0.7225033184802698
0.13552843008843393,0.8810979594693424,0.724858525620317
0.1355425221688137,0.8817286123935383,0.7262728788347504
0.13577333178025755,0.8881257976876861,0.7313902602636071
0.13585494319915323,0.889051180683434,0.7339890079173409
0.1359325321494356,0.8936607520815671,0.7390675846873545
0.13598219790515165,0.8936759254893175,0.7445414702553006
0.13629021985111303,0.8943368984013788,0.7469923359892967
0.13680421462638864,0.8956986593933115,0.7471038675388242
0.13681886382668595,0.8973422390031492,0.7502414287362635
0.13701233567147436,0.8973497383829421,0.7519405881998993
0.1371064191055998,0.8985267069922911,0.7527880582446935
0.13730610814569918,0.8989019853577037,0.7532077555280149
0.13741713878936435,0.9007029607185553,0.7582739647151406
0.13750340651153212,0.9007986216017418,0.7614298543903879
0.13787048016442732,0.9017824859360024,0.7634451132860476
0.13817338432256276,0.9018770673406583,0.7638414732277402
0.138625586423,0.9047692109908124,0.7647984855554827
0.13901185200291538,0.9048444486579854,0.7655362349634457
0.13964819675314274,0.9059740809713879,0.7665987018165793
0.13992975380919778,0.9068269935808536,0.7680887317573263
0.14018142184777413,0.9078880739423264,0.768558037482967
0.1402012356903194,0.9102549106324866,0.7695712033129269
0.14048148261253848,0.9113850871934379,0.7720945727774879
0.1405071823871631,0.9124911591158451,0.7766407087106846
0.14075024643053363,0.9159194508221519,0.7792981455571224
0.14080097987308385,0.9171710793682739,0.7807904407451083
0.14093876016736706,0.9171719233865616,0.781272164464038
0.14135431936406045,0.9173812295654143,0.7819412003375112
0.14190711167317377,0.9186517830692239,0.7823516332376873
0.14207687032092003,0.923579775380801,0.785007092663068
0.142590975551607,0.9239144447993585,0.7867980253919477
0.14263352901087778,0.9242565516324193,0.7896273156934821
0.14320288376573295,0.9243461141690777,0.7896724606940437
0.14326488038437624,0.9245795213494877,0.7901663561349032
0.14355792570499107,0.9272675855394625,0.79085867802161
0.14387867235668791,0.9273024748774189,0.7966405351846422
0.14461752108830642,0.9289422746735085,0.798353309055038
0.14477014856877998,0.9313773854800601,0.7991766424744484
0.14504174020075059,0.9325217666577419,0.8005047729857767
0.14516846832245117,0.9330887277451746,0.8006281088035401
0.14542585494712282,0.933278025050677,0.8054937037800858
0.14611359735749005,0.9356696191619949,0.805570167740703
0.1463089126610213,0.9368841391719733,0.8105530331094565
0.1478716009014132,0.9381665699456455,0.8111281943817855
0.1484773896946253,0.9382557419542223,0.8111620551874944
0.14877226662932636,0.9394300789730884,0.8146805113634794
0.14901209069618482,0.9403008912469926,0.8149135654647839
0.14905888303412823,0.9408798529456645,0.8160815941680932
0.14971715528917062,0.9416424684016987,0.8167572273527229
0.1501601279886982,0.941953591744862,0.8175054656235903
0.1505101321866926,0.945060996442094,0.8191258075999746
0.15095517489320157,0.9481639549637824,0.8195872930566122
0.15108770135397523,0.9489313746518194,0.8204572712434743
0.15187318267605393,0.9492406027717153,0.8215706900686252
0.152027368910517,0.950815631461954,0.8249638498610418
0.15204174679697371,0.951122001838158,0.8256584525118376
0.1529529140304712,0.9517720998116799,0.8271897110048417
0.15295303186556114,0.9529109285088919,0.8273268244980875
0.15358931835696935,0.9535711933077637,0.828515403363341
0.15378635802052623,0.958437812264343,0.8312966288163741
0.15387149858817126,0.9601715787370806,0.8335955654000802
0.15449450016620514,0.9606954045410401,0.8348872697614196
0.15451525105515196,0.964609367712498,0.8358994419059758
0.15451814189679738,0.9678099559227317,0.8395307861898781
0.1549131956984383,0.9678314548169178,0.8406921121348349
0.1550502334941529,0.9686793358646001,0.844592801899093
0.15569335885455757,0.9701175640498004,0.8451946655225829
0.15590008514950832,0.9735416084081147,0.8477964523335026
0.15682247106466696,0.9776081678637478,0.8488703100372655
0.1579380120142931,0.9782498066854796,0.8499391964402798
0.15803306338633555,0.9797289355341899,0.850432484467475
0.15813682730212905,0.979858367687505,0.8581746302841761
0.1581785561436228,0.980215730970028,0.8583493430283508
0.15841544429138535,0.9820519570476282,0.8596650775848733
0.15888818672355876,0.9845045304243573,0.8630126127494009
0.1592622044577468,0.9865611904860608,0.864350558536221
0.15945440029222552,0.9879931966888895,0.865388469530596
0.15961163352306468,0.9884105933115214,0.869040936284289
0.1596455695748101,0.9890885606405543,0.8771679951016031
0.15987445744850426,0.9893049014538603,0.8829180059561246
0.16100607962305075,0.9893213759719898,0.8830661713319482
0.16105254900098845,0.9909996958280769,0.8841386989930582
0.16118964343217718,0.991039861178098,0.8886076729862266
0.1612912189765393,0.9931059976957933,0.8917655611952298
0.16134813106357912,0.9945009468509715,0.8947017010256385
0.16224742795724495,0.9981101210586321,0.896940490123136
0.16272757545556013,0.9994764817077635,0.902692461716324
0.1631005123535206,1.0051775158300593,0.9028431306935227
0.16334917855894937,1.009451680690747,0.9028742055851104
0.1636914413290236,1.0111010954314783,0.9028977748643254
0.1642006095609699,1.0174746902997245,0.9054509606042881
0.16420502089603778,1.0197925482376922,0.9084958753525983
0.16477301571856878,1.0222706757799958,0.908672766754653
0.16517827874920846,1.0238301277549546,0.9093161720282735
0.16524257568781994,1.024399695244898,0.9111228937111578
0.1652686254946671,1.024874846552283,0.9122845402726523
0.16531837123814155,1.0307859127710928,0.9124793525821828
0.16533699615854477,1.0314057697074654,0.9150485227900608
0.1654710094426453,1.0316465681305749,0.9184968414333001
0.16570079921526154,1.0319123164727726,0.9209291384483983
0.166488454395958,1.0326710800264962,0.9244003270903003
0.16657706673471376,1.0327965443731215,0.9292588371032013
0.1666184211733611,1.0350119348962226,0.934458513927886
0.16691149613767603,1.0351911667497622,0.9376436891677267
0.1669726829101287,1.035589040831744,0.9381121056099089
0.1672535558108651,1.0374028037507392,0.9393649061591707
0.16735267813369742,1.0382694170268352,0.9396489645335333
0.16745879959882898,1.0389420705850376,0.9413841036977494
0.16752372027588794,1.040630456064886,0.9447951086466462
0.16779511094307625,1.0429693211401145,0.9456851666982559
0.16818059023654264,1.0432004493064004,0.9460823809330232
0.1685097845239241,1.0454612898794617,0.9503689277692242
0.16868693237777993,1.045605552607071,0.9537058662657603
0.16944702436122258,1.0458758502243013,0.9547301599710242
0.1695219074675447,1.0470069161073496,0.962744658401768
0.17057363756001093,1.0473669461825914,0.9636028190802215
0.1707348259227045,1.0475002038041323,0.9636741362507589
0.1717653966275259,1.052582244163119,0.9638371942655811
0.17232203663366866,1.0537330122860236,0.9767061049071165
0.17257149461792276,1.0542760024297864,0.9779888123942729
0.17268406283895585,1.0556336142962155,0.9780076608954436
0.17360075643674444,1.0562317627338444,0.9799352888135134
0.17402290632767412,1.0577011357817023,0.9821369495349385
0.17474521692241646,1.0579978972127977,0.9828694863984284
0.1749120335140253,1.0581018293745854,0.9830710618912842
0.17492564389888102,1.0581682624876638,0.9860274423318123
0.1755456864531329,1.059190128854255,0.9885873430904684
0.17584125310549392,1.0634092722824062,0.9903349598524821
0.1761551751760996,1.0684747806101444,0.9922266428523611
0.17627860126106631,1.0685960346521193,0.9943086660417427
0.1765845926477779,1.0692643463194484,0.9960248348447236
0.17677482969897335,1.072181452635467,0.9999188449325469
0.17757439802843217,1.0759291080063487,1.0001596831107638
0.1779452927263699,1.079113449291592,1.0006271649310052
0.17805785478142452,1.0803839606122316,1.003625442969847
0.17926410556987457,1.0831905354314704,1.0038839579752794
0.18152097551056776,1.086716258345361,1.0040350721588331
0.181650035283435,1.0868011091631853,1.00582523824128
0.18197535918655885,1.0896633825867432,1.005845067278197
0.18247218776309884,1.0910241508668985,1.0060505028152398
0.18264398851021724,1.0960684825154692,1.0091408190697935
0.18408562441476353,1.0960745906502982,1.0100610374744532
0.18479864617059757,1.0961768691788498,1.0117063233545616
0.1855682263390233,1.0965545489659685,1.0141314758552902
0.1855867724353405,1.097830109261774,1.0141702539733874
0.18566624458979494,1.1007458842926323,1.0145230057593133
0.1862715217323354,1.1011086735810225,1.0153581312086581
0.186876876004623,1.1091984595290147,1.0178199061640836
0.1868994141300924,1.1127838166242223,1.0181048248917266
0.1882220042692548,1.1143309601707938,1.022899122272795
0.1889350082718257,1.1162000964460868,1.0273476388111178
0.18930110154468635,1.116871641949369,1.0288000635837815
0.1893038726675643,1.1212232929727552,1.0316257986097652
0.1894738672300877,1.1278198964695447,1.0317930503452872
0.19069954465329655,1.1348987214476463,1.0328662570632143
0.1912717008882472,1.137002981356734,1.0336056171134433
0.1915428529106211,1.1378361908887922,1.0343712094392403
0.19165917369523006,1.1400679339408688,1.03725933535768
0.19285203807892945,1.1490983141681173,1.0419941779875925
0.1937155436016483,1.1491696255199426,1.042911296437396
0.1952497686392503,1.1515384117433922,1.0431651506529553
0.1954537807423376,1.1517334066748723,1.043245768363174
0.19742663224546333,1.1522370698234135,1.0464447677347681
0.1974743646165222,1.1527243944524015,1.0472178951011974
0.1987977116920501,1.154804830060611,1.048501916772826
0.1997139116232197,1.154909239252268,1.0508387053610684
0.19998128714100138,1.1573472001054828,1.0583570111426945
0.20195765543322394,1.1635843399979606,1.0613163004297876
0.20207673486414784,1.1664007021166467,1.0624037835402318
0.20291741104179248,1.1685619307577837,1.0664018435876816
0.20341745572713962,1.1747499041825937,1.0730625314652946
0.20351508180440436,1.1748361488552623,1.0771527312896307
0.20467422688202436,1.183690947919183,1.0806848791886636
0.20480525283063505,1.183720288189932,1.0812519114011983
0.20480812361077577,1.1894527586144246,1.0860292027707805
0.20504729848200598,1.191879997442217,1.0912086975550912
0.20526070130965857,1.1926212398665805,1.0913724772003872
0.20584353642562206,1.1926214818086787,1.0917935206835476
0.2059125915383763,1.1962614417634116,1.102516950298348
0.20599278523598663,1.197314249018803,1.1026801531101091
0.20607243020002328,1.2048762697211988,1.1027474595883777
0.20637430470886492,1.205860590171012,1.102771405890881
0.20734595437985673,1.2155280527622458,1.1051390382284065
0.20977149181937163,1.2179063261002345,1.1076417179042284
0.21033341634408712,1.2211986690395975,1.108260716821775
0.2104737392358076,1.2231271651796356,1.1131971146277244
0.212427735192392,1.2249645101681823,1.1134897159336365
0.21269722966783003,1.2265630745219729,1.1135331387585
0.21288127584300964,1.2349218818535626,1.1183299396303927
0.21290845153584845,1.2409930152523014,1.1202916574425887
0.2131496578064424,1.2413052736552843,1.1224907295969806
0.213297428956409,1.2444774204134148,1.1291812347732517
0.21335999823567325,1.2451394424509867,1.1303087576179
0.21392524640487506,1.2494858385330672,1.1319758495908707
0.21473507513024467,1.2497970432586023,1.134638074451585
0.21479987673070014,1.2513381708445994,1.1356700730902474
0.21656633109143117,1.2517163070829511,1.139010731718495
0.2165884253076644,1.2627171388148277,1.1459696965136539
0.21733808545040295,1.2634269929911937,1.147984047209279
0.21739648545146362,1.2639541130550203,1.149032991126867
0.2181145899510355,1.265332487881534,1.1496805027108006
0.21826220063277918,1.2660988082737221,1.1509284344453892
0.21835527501147087,1.2677257847736432,1.1597407712471823
0.21881512743000303,1.271748186779974,1.1626369585005285
0.21946612365635007,1.2720623632143677,1.165433498343898
0.21968682211145324,1.2732011678551045,1.1697691016751715
0.21987121412060362,1.278455540545803,1.1701263728915676
0.22013920677381438,1.2788036607267035,1.1765447809050078
0.22027523960346795,1.2795497052386038,1.178335589339765
0.22132712236076757,1.2807002874122535,1.1784822986813874
0.2217526209446683,1.2815191332958655,1.1829733338123556
0.22215832265251909,1.2832415588549912,1.184119678933741
0.2223933187132195,1.2877311819445674,1.19013609169296
0.2228524241261341,1.2888322369886913,1.1982746573820273
0.2234854497128622,1.289796654902924,1.1982833342850532
0.22548539402409296,1.301558921210941,1.201418679243294
0.22548827034903343,1.3029891728339043,1.2036074201725688
0.22557863971261674,1.3082900611198223,1.2319555142478567
0.22600832512952115,1.3084147916662947,1.2402776775088014
0.2260889052685576,1.3148494112299394,1.2418575146572586
0.2261297733644521,1.3210954267694561,1.2446028110163971
0.22614431599846235,1.3211662123879033,1.2465254042734908
0.2262020907057317,1.327036789294232,1.2505475779312778
0.22694647506244725,1.3310523166111354,1.2512558612245113
0.22885995061701933,1.3325243354348735,1.2514794613997657
0.22927919855009524,1.3365900396057018,1.2608640409117697
0.22932470114336564,1.3404289458752923,1.2797659652103253
0.23093219563845174,1.3415147530293317,1.2807035510917404
0.23101174741186595,1.3452917837121523,1.2908868601064385
0.23114720288776103,1.3455769873174555,1.291012205165996
0.23171902180512863,1.3475994169582672,1.291724955880121
0.23285927625810687,1.3526352736620924,1.2930918463245822
0.23451506693873037,1.354763052671802,1.3007729350184523
0.2359005782816615,1.3549487308041122,1.3010088875476917
0.23599159010505505,1.3563361213895433,1.3141148942494363
0.23725207288542072,1.3665966445354358,1.3146508121971083
0.2375818202291017,1.3671095032799183,1.3155654185957468
0.2385292582596836,1.3702419311586411,1.3162538731957016
0.23858564748156738,1.3719774012980508,1.3173670266239244
0.23926315405349466,1.372569930775708,1.317511359821181
0.23971258471759696,1.3732934568282846,1.3179562683656803
0.24001993341887512,1.378415326644446,1.3319856744304863
0.24128994288992472,1.3798469085579717,1.3325596319007793
0.24200125408210946,1.3869130670855199,1.3347312677827003
0.24318235485892375,1.3936787041472916,1.3368778771152883
0.24321248621812244,1.4037894139072373,1.3428975908043412
0.24429437769184967,1.4070600350256321,1.3448986247426709
0.24544078187123708,1.410793524013406,1.3494817777721901
0.24782757013543197,1.4135958119379721,1.3564877162435467
0.24806813032977007,1.4137049792868566,1.357437275055314
0.24880580249104645,1.4148466514828706,1.3594785980178041
0.25044658122965346,1.4161537616691546,1.3630784072018791
0.2530513181541063,1.4267490439422092,1.3646153498313662
0.2556988741910861,1.4303417385030845,1.380516129385236
0.2562887893249401,1.4371268717110675,1.3825781859104518
0.2564076780834469,1.4380255878037915,1.3870825922324492
0.25687546939551104,1.446892178969108,1.3901905491566982
0.2600692911626546,1.4482557624918897,1.3939860989741852
0.260550237052332,1.455609428203675,1.3958183973039509
0.2626631923589464,1.4600098989472179,1.398384802014008
0.26271704061641415,1.460176132967717,1.4063605579468568
0.2628942749488431,1.4678495259693491,1.408282818285381
0.2637937319903999,1.477092848050585,1.4120393093254748
0.26537068056683283,1.4914674060906579,1.4139937114919978
0.26593059965813326,1.506009038096261,1.4188286446841352
0.2662467610475721,1.510000251182024,1.4225745358759452
0.2672957642841573,1.5127176301285565,1.424825378390329
0.26767906479004017,1.513375941228955,1.4262192545031147
0.2681560112749471,1.5222626127237835,1.4385036385257841
0.26872240899109606,1.5235382337553027,1.441329172304868
0.27024045183848905,1.53742693708564,1.4426567028307915
0.27065719096182694,1.5389640952812047,1.4642173330082688
0.27097164637487847,1.539556786282801,1.4679761094715023
0.27237873065270285,1.5430725673843868,1.4744706045610583
0.2725074748819284,1.5457559513590255,1.4773675603600074
0.27321334619845544,1.5493819946312302,1.478187236746372
0.2735981074273735,1.5518488956269592,1.485223438177374
0.2754235181639653,1.5612442753605715,1.485327889275781
0.2756961075045093,1.5651042093672978,1.487593494413742
0.2776099194949015,1.5660553219480444,1.5126496303474362
0.27814048032792676,1.5686304872508139,1.515631155327849
0.27827266243088034,1.5707829913817124,1.5225560222936614
0.2782986788847533,1.5773523680698818,1.5285749441332175
0.2784366667919848,1.5780085742951626,1.5307910991432927
0.2790601644161403,1.581943903988603,1.5408315958214394
0.27931173923066993,1.6040814336709448,1.5408609651010303
0.28007270206689105,1.6225074493850993,1.5503800497337086
0.28080913891945347,1.63273603450938,1.5680591011107334
0.2830477091038353,1.648286498116997,1.5681993801485723
0.2835715485713578,1.6482909697724684,1.5683094515217404
0.2841102755137427,1.6488193743809472,1.5695900515722518
0.28521773283896357,1.6627071979219668,1.5781623049104647
0.285689987768299,1.6747535498212234,1.5795006393791502
0.2864036883580035,1.6785143159772522,1.5947017119788058
0.2877611096784955,1.683611596827087,1.606715485080873
0.2912612457646429,1.68607099469151,1.6140358078917338
0.2927274537268344,1.687867766147287,1.6149281495842769
0.29338906624619904,1.6939240433031917,1.62388825980475
0.29400254585915636,1.6949652271824822,1.6241891448258092
0.29461224860425633,1.702028188467544,1.6258301080288733
0.29494681400682843,1.703959973297322,1.6374931789615903
0.2965016346946715,1.7054243124001975,1.6375744520255204
0.29677614564002314,1.7130602828488937,1.642705662687245
0.2972187738780695,1.7138335357529846,1.6459313074098996
0.3004488168919658,1.7190240292027392,1.6465081580126484
0.3005583514582791,1.7232347293945045,1.650700098826373
0.3021098530703934,1.726317437464742,1.6536612690796957
0.3025152746443056,1.7325503667480189,1.6610740535741297
0.3032386693439667,1.732634116417043,1.6635155593973525
0.30353918630195936,1.7458756154455226,1.6651845594713075
0.30438609094066893,1.749159261720793,1.6654066426155398
0.3059771961206073,1.7494051475315051,1.666269111410006
0.306761064326915,1.7518035993203707,1.6729938785484133
0.30680198460982555,1.754206447471921,1.6789800994433262
0.30737682079655504,1.756060884004312,1.6818968887462764
0.3077163708384655,1.7565503441880137,1.6850433669012317
0.3087111520978343,1.7588011731798106,1.7164309298892784
0.3090650820970111,1.7646195888322573,1.7187767190520906
0.3117539320059559,1.777482533733439,1.7212833095253455
0.3124751693942584,1.7926933587275087,1.7313180455148305
0.3125427579075245,1.7928680863735003,1.7334578600580166
0.3136362247334763,1.8131601069878853,1.7531269508068656
0.3137037917040971,1.8233723169133043,1.7564365553860426
0.31600324229286314,1.8243312038063144,1.770768410883826
0.31736695985369734,1.8247328769620652,1.774190475633313
0.3215217091025305,1.829890504013819,1.776076120067971
0.32247457089138265,1.851985174250376,1.7763232447255168
0.32383302493540916,1.8525142161494894,1.7860518567566412
0.32556563578359526,1.8586330520420786,1.7959531377839333
0.3258305115208401,1.8609382784970865,1.8008569232580185
0.32737005401446906,1.8679060319811616,1.8009841060827734
0.32771753779230006,1.87019994857936,1.803863812076492
0.32865523833258575,1.8732176034758485,1.805131867844491
0.3304642062022591,1.8732402501189962,1.8076147108230116
0.3307392098034724,1.8825121967655147,1.8166056655044038
0.3316308516287466,1.8838718135317685,1.8258381896874827
0.33315573969200807,1.8923850164322713,1.8481294571075486
0.33354446515273173,1.9082322973221142,1.8488152259468975
0.3337909467762459,1.9123279997697946,1.8493640434903602
0.33476196891990573,1.9135892956915586,1.8547827726099477
0.3366496396496597,1.9140587390032304,1.8570876149136966
0.33747787926664724,1.9212291432062012,1.8595151732061068
0.3380734289680195,1.9272682347382621,1.8635340098583455
0.3409328596882866,1.9281693801874529,1.8939729210045932
0.345731877247618,1.9316397643210648,1.8949822112736028
0.34648206843015894,1.9425957303571988,1.8993687815699554
0.3473240966859793,1.9442546282288349,1.902084594026478
0.34871904452484725,1.9443146968579796,1.9036525317580455
0.3495642401234035,1.9703782798153409,1.9228941519622946
0.35037010620166237,1.9752850851697674,1.9292114841089434
0.3558531839734227,1.9754810418020727,1.9393095451707505
0.3572120468261141,1.9787612527290563,1.9425527042640658
0.360056527493587,1.9822550531382186,1.9448569933266588
0.3616776883983689,2.0113933558024937,1.9477131453983205
0.36460863558108886,2.0155076625805037,1.9602192187864027
0.3674305882855441,2.0205408752776095,1.9689345976058183
0.36815734995535426,2.0215776187410244,1.9694828506937183
0.36836929734283946,2.022185342117779,1.9748713160097153
0.36968599262003704,2.0252663531386057,1.975557045510258
0.37198045664456525,2.0278786782637224,1.985933107871069
0.37365757524792953,2.0286464406482656,1.9950334265562888
0.3757023852668659,2.035705406041748,2.0066928126501455
0.37571312482919267,2.041091689839392,2.0147911531927036
0.3758512739701695,2.0423713600228743,2.015990485647332
0.3786012338160001,2.043405047093424,2.0166274538185567
0.3803889702781886,2.04422850975319,2.0224051306643296
0.3824561629233429,2.0461826129875473,2.0299398458882703
0.38306623373030646,2.0618441681423567,2.0489675823985887
0.3843396403989832,2.10623182585653,2.0605451097792935
0.38686267106133654,2.115162763704422,2.0630798580059784
0.38736766542948975,2.135222872314409,2.0668423775169398
0.3893391474131184,2.1423462811014304,2.0961725722258286
0.39054844570419195,2.1577031166460614,2.097446501514791
0.3913514963385353,2.162773502052483,2.104976407132643
0.3918137910488457,2.1639086458062864,2.1421255394765404
0.3990538032860692,2.1651787042598913,2.147505043922588
0.39982825961520774,2.1727143307499683,2.1619944184482893
0.40114404505818246,2.1830003435325103,2.1628587742742873
0.40167452907604423,2.1978108656644624,2.1759919094912443
0.40481146290605735,2.205525406973362,2.1764911934591997
0.40664618558822074,2.227091320224323,2.1894478927154455
0.4077432935606559,2.2416078832715503,2.2089178261885696
0.41136588576438055,2.2869160339679886,2.25848648121373
0.41676409363474515,2.31943240231767,2.273843558006598
0.41758464568818143,2.328420286224186,2.2767892211690963
0.4179817545349522,2.3349267149324526,2.277140849188344
0.42035069095258987,2.3465410272906024,2.295899913176646
0.42466583835312266,2.3560653888594376,2.3134027078863713
0.4322501561108835,2.3648416341771745,2.330928195040526
0.4325917016560819,2.3687961003004308,2.337682469829995
0.4330848797557936,2.369024786047363,2.3501140768567708
0.4391358092494251,2.372984200255785,2.3533373313804673
0.4401039192461601,2.3764291274368565,2.447545089415298
0.4448474167048936,2.388845720970245,2.4476635792607855
0.4452770130403247,2.410849909642727,2.453590774134525
0.44647857979604305,2.4225111460475564,2.4726452178005514
0.4495336565646332,2.438013271441539,2.476174830477833
0.45179712614990825,2.4547882002414463,2.4804984290543755
0.45486750344700894,2.4667577412707997,2.523299722574159
0.4587391772182959,2.477091748232571,2.535016974482735
0.46206696812438786,2.498796243142787,2.546608408730405
0.464212600606266,2.5011341417243838,2.558585430179589
0.47012598301142505,2.5510702737953284,2.595837597510173
0.47524600201074396,2.5588867843256264,2.5992835929893903
0.4764804444259139,2.5627965560434656,2.6295793402382324
0.4782295167912294,2.5733148617610464,2.6460064339581955
0.48762344501583316,2.5823256333052296,2.6588362976597786
0.48806865461450166,2.587321078838375,2.6675795729250256
0.4906863271986057,2.615894285869616,2.6705110247047177
0.49075977656203185,2.623230429015605,2.67136449801564
0.4913165239984848,2.626464603386432,2.71214247740038
0.49141193145161244,2.6339702839847248,2.759336354869622
0.4955084972436836,2.6518918452209665,2.8021114149778734
0.50169942545643,2.653623003456879,2.815082026862914
0.5049317881396764,2.6882679799069717,2.851473721431154
0.5082012490043428,2.711116619798695,2.8757156751820876
0.5084105651816184,2.749178875940513,2.90058619981222
0.5179003482475879,2.7955492688336068,2.907416521237746
0.519495967209836,2.8225500255130798,2.9309243463446046
0.5213852873529056,2.850369368000922,2.9545246171715935
0.5523422387383138,2.851121554960959,3.0019313859023997
0.5614806025647335,2.903941602130452,3.01439183270263
0.5678344796802809,2.9173284491703937,3.075357473976779
0.5693573679973702,2.9276385966979706,3.089314530287228
0.5714825023116481,2.9681261654765994,3.1376668451385634
0.5786762918565133,3.0386884968871133,3.1519643335634093
0.5831332918794533,3.0468042378578906,3.2488582141494184
0.5944969902174382,3.171192210344757,3.2514382295961535
0.5953575050393365,3.1712879414474298,3.264530954096868
0.5993403643657313,3.252663909164361,3.3213425685771045
0.6160496349230429,3.3109003311104197,3.3690499197592625
0.6185223324923455,3.343617214513393,3.4295342887914617
0.618973368549672,3.3559895657680654,3.4481567394110617
0.6200006037733229,3.3884420071675048,3.4624187294860933
0.6424185004012637,3.4400444315859984,3.5962105567415614
0.6471632980370337,3.497083185878541,3.6995257587436337
0.685445871313526,3.5079666666737452,3.8895679534116665
0.6932938114749327,3.727804178996881,4.177557875230475
0.8051000246361726,4.153513546038933,4.317098120059113
0.8430343453935567,4.185581748590745,4.3243844671419245
0.8488537025443141,4.334551719726645,4.522840967294382
0.8803170635396672,4.393376532216516,4.876704647343265
0.9309376709285313,4.483041164648767,5.088939635529783
1.0002349229176735,4.656535279916669,5.369691580862806
1.050100002230949,4.852990329740672,5.533339109472896
1.4590893627966253,7.0406526351088115,7.501552773588225
